书名,作者,翻译,出版社,初版日期,价格,标签,阅读状态
技术的本质（经典版）,[美]布莱恩·阿瑟(W.Brian Arthur) , 曹东溟、王健 , 浙江人民出版社 , 2018-6-1 , 79.90元, 技术思想,已读
现代宏观经济学,[英] 布莱恩·斯诺登、[英] 霍华德·R. 文 , 佘江涛 , 江苏人民出版社 , 2009-3 , 45.00元, 宏观经济学 经济学史,已读
人人时代,[美]克莱•舍基（Clay Shirky） , 胡泳、沈满琳 , 中国人民大学出版社 , 2012-8 , 49.90元, 新媒体 社会学 互联网 社交网络,已读
魏晋南北朝史,王仲荦 ,, 上海人民出版社 , 2003-4-1 , 66.00元, 王仲荦 中国断代史 魏晋南北朝 历史,已读
从0到1,彼得·蒂尔、布莱克·马斯特斯 , 高玉芳 , 中信出版股份有限公司 , 2015-1-1 , CNY 45.00, 互联网 创业 思维 管理 新经济,已读
闲话IT项目管理,曹亚波 ,, 电子工业出版社 , 2016-5 , 49.8元, 项目管理 技术 IT,已读
从陈桥到厓山,虞云国 ,, 九州出版社 , 2016-9 , 45.00, 历史 宋朝 虞云国,已读
认知盈余,[美] 克莱·舍基 , 胡泳、哈丽丝 , 中国人民大学出版社 , 2011-12 , 49.80元, 互联网 社会学 克莱·舍基,已读
TCP/IP入门经典,Joe Casad , 井中月 , 人民邮电出版社 , 2009-5 , 39.00元, 计算机网络 tcp/ip,已读
魏晋南北朝简史,劳榦 ,, 中华书局 , 2018-9 , 49, 魏晋南北朝 劳榦 中国 历史,已读
程序是怎样跑起来的,[日] 矢泽久雄 , 李逢俊 , 人民邮电出版社 , 2015-4 , 39.00元, 计算机科学 日本 编程,已读
国史讲话：宋蒙三百年,顾颉刚 , 世纪文景,上海人民出版社 , 2015-7 , 36.00元, 国史讲话 历史 顾颉刚 宋,已读
人类简史,[以色列] 尤瓦尔·赫拉利 , 林俊宏 , 中信出版社 , 2014-11 , CNY 68.00, 哲学 人类学 社会学 人类简史,已读
北镇势力与北朝政治文化,苏小华 ,, 中国社会科学出版社 , 2012-10 , 55.00元, 魏晋南北朝 北鎮 历史 北朝 隋唐,已读
魏晋南北朝隋唐史讲义,唐长孺 ,, 中华书局 , 2012-10-1 , 23.00元, 魏晋南北朝 唐长儒 历史 魏晋南北朝史 中国历史 中华书局,已读
国史讲话：春秋,顾颉刚、童书业 , 世纪文景,上海人民出版社 , 2015-7 , 39.00元, 历史 中国 春秋 顾颉刚 国史讲话,已读
十六国北朝权力嬗代新探,杨学跃 ,, 中国社会科学出版社 , 2016-2 , 66.00元, 中古史 魏晋南北朝 历史学,已读
深入理解C#（第3版）,斯基特 (Jon Skeet) , 姚琪琳 , 人民邮电出版社 , 2014-4-1 , 99.00元, C# 计算机科学 程序设计 .NET,已读
三国史话,吕思勉 ,, 生活·读书·新知三联书店 , 2012-10 , 28.00元, 吕思勉 三国,已读
软技能,John Sonmez , 王小刚 , 人民邮电出版社 , 2016-7 , 59.00元, 个人管理 软技能 软件开发,已读
吴晗论明史,吴晗 ,, 天津人民出版社 , 2015-11 , 49.80元, 明史 吴晗,已读
Git版本控制管理,罗力格 ,, 东南大学出版社 , 2010-6 , 52.00元, Git 软件工程 版本管理,已读
领导力的36个关键,【美】戴安娜•布赫（Dianna Booher） , 美同 , 北京联合出版公司 , 2018-4 , 49.00元, 职场 领导力 管理,已读
中国历代行政区划的变迁,周振鹤 ,, 中国国际广播出版社 , 2010-1 , 15.50元, 地方政制 中国 区域划分 行政区划 古代中国 历史地理,已读
东晋门阀政治,田余庆 ,, 北京大学出版社 , 2012-5 , 49.00元, 魏晋南北朝 門閥政治 田余庆,已读
修改代码的艺术,（美）Michael C. Feathers , 侯伯薇 , 机械工业出版社 , 2014-6-15 , 79.00, 软件开发 软件工程 代码重构,已读
学史门径详说,吕思勉 著、张耕华 编 ,, 东方出版社 , 2018-1 , 45.00元, 吕思勉 张耕华 历史 入門,已读
唐代藩镇研究,张国刚 ,, 中国人民大学出版社 , 2010-1-1 , 28.00元, 藩镇 唐代,已读
中国通史,吕思勉 ,, 群言出版社 , 2016-2 , 45.00, 吕思勉 通史 中国,已读
Effective Modern C++ 简体中文版,Scott Meyers , 高博 , 中国电力出版社 , 2018-4-23 , 99, C++ 程序设计,已读
软件开发本质论,Ron Jeffries , 王凌云 , 人民邮电出版社图灵分社 , 2017-1 , 39, 敏捷开发 软件工程 计算机,已读
生产微服务,【美】Susan J. Fowler（苏珊 J. 福勒） , 薛命灯 , 电子工业出版社 , 2017-9 , 55.00, 软件工程 微服务,已读
微服务设计,[英] Sam Newman , 崔力强、张　骏 , 人民邮电出版社 , 2016-5 , 69.00元, 软件架构 微服务,已读
二十首情诗和一首绝望的歌,[智利] 巴勃罗·聂鲁达 , 陈黎、张芬龄 , 南海出版公司 , 2014-6 , 39.50元, 巴勃罗·聂鲁达 诗 文学,已读
穷忙,(美) 希普勒 , 陈丽丽 , 上海译文出版社 , 2015-1 , 45, 社会分层 经济 纪实,已读
设计模式,[美] Erich Gamma、Richard Helm、Ralph Johnson、John Vlissides , 李英军、马晓星、蔡敏、刘建中 等 , 机械工业出版社 , 2000-9 , 35.00元, 设计模式,已读
C程序设计语言,（美）Brian W. Kernighan、（美）Dennis M. Ritchie , 徐宝文、李志译、尤晋元审校 , 机械工业出版社 , 2004-1 , 30.00元, C,已读
C安全编码标准,Robert C. Seacord , 徐波 , 机械工业出版社 , 2010-1 , 69.00元, c,已读
C语言接口与实现,David R. Hanson , 郭旭 , 人民邮电出版社 , 2011-9 , 75.00元, C 接口 经典,已读
C陷阱与缺陷,凯尼格 , 高巍 , 人民邮电出版社 , 2008-2-1 , 30.00元, c语言 经典,已读
C和指针,Kenneth A.Reek , 徐波 , 人民邮电出版社 , 2008 年4月 , 65.00元, C/C++,已读
More Effective C++（中文版）,梅耶(Scott Meyers) , 侯捷 , 电子工业出版社 , 2011-1-1 , 59.00元, 编程,已读
Effective C++,梅耶 (Scott Meyers) , 侯捷 , 电子工业出版社 , 2011-1-1 , 65.00元, C/C++,已读
Head First 设计模式（中文版）,弗里曼 , O&#39;Reilly Taiwan公司 , 中国电力出版社 , 2007-9 , 98.00元, 设计模式 软件工程,已读
UNIX编程艺术,Eric S. Raymond , 姜宏、何源、蔡晓俊 , 电子工业出版社 , 2006-2 , 59.00元, 软件开发 开源 unix linux 编程艺术,已读
持续集成,王海鹏 ,, 电子工业出版社 , 2012-6 , 59.00元, 项目管理 软件工程,已读
设计模式解析,ALAN SHALLOWAY、JAMES R.TROTT , 徐言声 , 人民邮电出版社 , 2006-10 , 45.00元, 设计模式 软件工程,已读
旧制度与大革命,[法] 托克维尔 , 冯棠、桂裕芳、张芝联 , 商务印书馆 , 2012-8 , 48.00元, 法国大革命 历史 政治学,已读
编写可读代码的艺术,Boswell. D.、Foucher. T. , 尹哲、郑秀雯 , 机械工业出版社 , 2012-7-10 , 59.00元, 程序员 软件工程,已读
面向对象分析与设计,Grady Booch、Robert A.Maksimchuk、Michael W.Engle、Bobbi J.Young , 王海鹏、潘加宇 , 电子工业出版社 , 2012-7 , 99.00元,,已读
代码整洁之道,[美]Robert C. Martin , 韩磊 , 人民邮电出版社 , 2010-1-1 , 59.00元, 软件工程 方法论,已读
性的起源,[英] 法拉梅兹·达伯霍瓦拉(Faramerz Dabhoiwala) , 杨朗 , 译林出版社 , 2015-3 , 58.00元, 社会学 英国 心理学 性学,已读
重构,Martin Fowler , 熊节 , 中国电力出版社 , 2003-8-1 , 68.00元, 软件工程 重构,已读
C++Templates中文版,David Vandevoorde、Nicolai M.Josuttis , 陈伟柱 , 人民邮电出版社 , 2008-2 , 69.00元, C/C++ 模板 经典,已读
C++标准程序库,[德] Nicolai M. Josuttis , 侯捷、孟岩 , 华中科技大学出版社 , 2002-9 , 108.00元, C/C++ 标准库,已读
C++语言的设计与演化,斯特劳斯特鲁普 , 裘宗燕 , 科学出版社 , 2012-3 , 86.00元, C/C++ 历史,已读
如何阅读一本书,[美] 莫提默·J. 艾德勒、查尔斯·范多伦 , 郝明义、朱衣 , 商务印书馆 , 2004-1 , 38.00元, 方法论 阅读,已读
异类,马尔科姆·格拉德威尔 , 苗飞 , 中信出版社 , 2014-5 , 36.00元, 社会学 成长 社会网络,已读
万物,[德] 延斯·哈德 , 王遥路、陈亮 , 后浪丨北京联合出版公司 , 2015-4 , 188.00元, 宇宙 漫画 历史,已读
岛上书店,[美] 加布瑞埃拉·泽文 , 孙仲旭、李玉瑶 , 江苏凤凰文艺出版社 , 2015-5-1 , CNY 35.00, 小说 美国 美国文学,已读
深入实践C++模板编程,温宇杰 ,, 机械工业出版社 , 2013-6 , 69.00元, 模板编程 C++,已读
月亮和六便士,[英] 毛姆 , 傅惟慈 , 上海译文出版社 , 2009-10 , 32.00元, 毛姆 小说,已读
More Exceptional C++（中文版）,（美）舒特　著，於春景　译 , 於春景 , 电子工业出版社 , 2011-1 , 59.00元, C/C++,已读
汪篯汉唐史论稿,汪篯 ,, 北京大学出版社 , 2016-12 , CNY 120.00, 汉唐史,已读
Git团队协作,[加] Emma Jane Hogbin Westby , 童仲毅 , 人民邮电出版社 , 2017-6 , 69.00元, 团队协作 git,已读
C++性能优化指南,Kurt Guntheroth , 杨文轩 , 人民邮电出版社 , 2018-1-2 , 89.00 元, C++ 性能提升,已读
微习惯,[美]斯蒂芬·盖斯、Stephen Guise , 桂君 , 后浪出版公司·江西人民出版社 , 2016-11 , 38.00元, 自我管理 斯蒂芬·盖斯,已读
Boost程序库完全开发指南,罗剑锋 ,, 电子工业出版社 , 2013-1-1 , 99.00元, C++ boost,已读
晚清之后是民国,赵焰 ,, 广西师范大学出版社 , 2014-6-1 , 42.00元, 中国近代史,已读
Vim实用技巧,[英] Drew Neil , 杨源、车文隆 , 人民邮电出版社 , 2014-5-1 , 59.00元, Vim 编辑器,已读
容忍与自由,胡适 ,, 云南人民出版社 , 2015-10-1 , 25.00, 人文社科 哲学 胡适,已读
程序员修炼之道,Andrew Hunt、David Thomas , 马维达 , 电子工业出版社 , 2011-1 , 55.00元, 程序员的修炼之道 经典,已读
程序员的职业素养,Robert C.Martin , 章显洲、余晟 , 人民邮电出版社 , 2012-9-1 , 49.00元, 软件工程 计算机-思想 职业素养,已读
深度探索C++对象模型,斯坦利•B.李普曼 (Stanley B. Lippman) , 侯捷 , 电子工业出版社 , 2012-1 , 69.00元,,已读
C#函数式程序设计,(英)斯图姆(Sturm. O.) 著 , 吴文国 , 清华大学出版社 , 2013-1 , 45.00元, C# 函数式编程,已读
C++并发编程实战,Anthony Williams , 周全、梁娟娟、宋真真、许敏 , 人民邮电出版社 , 2015-5 , 69.00, 多线程 C++ 并发编程,已读
简约之美,[美] Max Kanat-Alexander , 余晟 , 人民邮电出版社 , 2013-1 , 25.00元, 软件开发 设计 软件设计,已读
OpenCL in Action,Matthew Scarpino ,, Manning Publications , 2011-11-17 , USD 59.99, C/C++ OpenCL 编程,已读
OpenCL编程指南,Aaftab Munshi、Benedict R. Gaster、Timothy G. Mattson、James Fung、Dan Ginsburg , 苏金国、李璜、杨健康 , 机械工业出版社华章公司 , 2012-12-1 , 89.00元, 编程 C/C++ OpenCL,已读
程序员思维修炼,亨特 (Andy Hunt) , 崔康 , 人民邮电出版社 , 2015-1-1 , CNY 49.00, 自我管理 计算机科学 软件开发 思维工具,已读
大教堂与集市,[美] Eric S. Raymond , 卫剑钒 , 机械工业出版社 , 2014-5 , 59.00元, 软件工程 黑客 经典,已读
MacTalk 人生元编程,池建强 ,, 人民邮电出版社 , 2014-2-1 , 45, 中国 软件开发 随笔 池建强,已读
Go 语言程序设计,Mark Summerfield , 许式伟、吕桂华、徐立、何李石 , 人民邮电出版社 , 2013-8-1 , CNY 69.00, golang go语言 编程 Programming 计算机 软件开发,已读
时间管理,[美] 吉姆·兰德尔 , 舒建广 , 上海交通大学出版社 , 2012-1-1 , 20.00元, 自我管理 吉姆·兰德尔 效率,已读
软件调试的艺术,Norman Matloff、Peter Jay Salzman , 张云 , 人民邮电出版社 , 2009-11 , 39.00元, debug Linux gdb C/C++,已读
毅力,吉姆·兰德尔(Jim Randel) , 舒建广 , 上海交大 , 2012-1-1 , 25.00元, 心理学 个人管理 自我管理 毅力 意志力,已读
八卦艺术史,祺四 , 海峡出版发行集团,鹭江出版社 , 2014-12-1 , 39.80元,,已读
相约星期二,[美] 米奇·阿尔博姆 , 吴洪 , 上海译文出版社 , 2007-7 , 19.00元, 心灵哲学,已读
枪炮、病菌与钢铁,贾雷德·戴蒙德 , 谢延光 , 上海译文出版社 , 2014-8 , 68.00,,已读
读书年代,(法)安妮·弗朗索瓦 , 俞佳乐 , 广西师范大学出版社 , 2013-9 , 34.00元,,已读
Windows核心编程(第5版),Jeffrey Richter、Christophe Nasarre , 葛子昂、周靖、廖敏 , 清华大学出版社 , 2008-9 , 99.00元,,已读
C++ Primer 中文版（第 4 版）,Stanley B.Lippman、Josée LaJoie、Barbara E.Moo , 李师贤、蒋爱军、梅晓勇、林瑛 , 人民邮电出版社 , 2006 , 99.00元,,已读
WPF编程宝典,麦克唐纳 , 王德才 , 清华大学出版社 , 2011-6 , 118.00元,,已读
程序员的自我修养,俞甲子、石凡、潘爱民 ,, 电子工业出版社 , 2009-4 , 65.00,,已读
C++沉思录,Andrew Koenig、Barbara Moo , 黄晓春、孟岩(审校) , 人民邮电出版社 , 2008-1 , 55.00元,,已读
代码大全（第2版）,[美] 史蒂夫·迈克康奈尔 , 金戈、汤凌、陈硕、张菲 译、裘宗燕 审校 , 电子工业出版社 , 2006-3 , 128.00元,,已读
深入浅出MFC （第二版）,侯俊杰 ,, 华中科技大学出版社 , 2001-1 , 80.00元, 相当不错 MFC C++,已读
ACE技术内幕,潘荣 ,, 机械工业出版社华章公司 , 2012-7-30 , 69.00元, C++ 网络编程 设计模式 框架设计 网络通信,已读
构建之法（第三版）,邹欣 ,, 人民邮电出版社 , 2017-6 , 69.00元, 软件工程 计算机 项目管理,在读
思考，快与慢,[美] 丹尼尔·卡尼曼 , 胡晓姣、李爱民、何梦莹 , 中信出版社 , 2012-7 , 69.00元, 心理学 丹尼尔·卡尼曼 经济学,在读
IT项目管理,Kathy Schwalbe , 邢春晓 , 机械工业出版社 , 2008-8 , 55.00元, 软件工程 项目管理 IT项目管理,在读
认识商业（修订第10版）,[美] 威廉·尼克尔斯、吉姆·麦克修、苏珊·麦克修 , 陈智凯、黄启瑞、黄延峰 , 后浪丨四川人民出版社 , 2018-2 , 118.00元, 商业 管理,想读
布道之道,瑞恩 , 李松峰、李缨 , 人民邮电出版社 , 2012-1 , 29.00元, 管理 技术 思想,想读
我编程，我快乐,[美] Chad Fowler , 于梦瑄 , 人民邮电出版社 , 2010-8 , 39.00元, 职业生涯 软件开发,想读
信息简史,[美] 詹姆斯·格雷克 , 高博 , 人民邮电出版社 , 2013-10 , 69.00元, 信息 科普 历史,想读
艾伦•图灵传,（英）安德鲁·霍奇斯 , 孙天齐 , 湖南科学技术出版社 , 2012-8-1 , 68.00元, 图灵 人物传记,想读
代码之外的功夫,[美] Gregory T. Brown , 李志 , 人民邮电出版社 , 2018-3-1 , 49.00元, 软件开发 程序员修养,想读
演进式架构,[美] 尼尔 • 福特、[美] 丽贝卡 • 帕森斯、[澳] 帕特里克 • 柯 , 周训杰 , 人民邮电出版社 , 2019-8 , 59.00元, 架构 方法论 软件工程,想读
九品中正制研究,张旭华 ,, 中华书局 , 2015-1 , 98.00元, 制度史 九品中正制 中国政治,想读
永嘉乱后北方的豪族,金发根 ,, 中国学术著作奖助委员会 , 1969-9,, 魏晋南北朝 豪族 中国古代史,想读
思想史研究课堂讲录（增订版）,葛兆光 ,, 生活·读书·新知三联书店 , 2019-5 , 99.00元, 思想史 葛兆光 中国史,想读
经济思想史,[美]兰德雷斯，[美]柯南德尔 , 周文 , 人民邮电出版社 , 2011-10 , 85.00元, 经济史 思想史,想读
中国思想史十讲（上卷）,金观涛、刘青峰 ,, 法律出版社 , 2015-7-1 , 58, 思想史 历史 中国,想读
世界文明史,菲利普·李·拉尔夫、罗伯特·E.勒纳、斯坦迪什·米查姆、爱德华·伯恩斯 ,, 商务印书馆 , 1998-5-1 , 56.3, 历史 世界史 文明,想读
编程原本,Alexander Stepanov、Paul McJones , 裘宗燕 , 机械工业出版社华章公司 , 2012-1-10 , 59.00元, 计算机 算法,想读
赢家的诅咒,[美]理查德·塞勒 , 高翠霜 , 中信出版集团 , 2018-1-1 , 59.00元, 行为经济学 理查德·塞勒,想读
助推,[美] 理查德·塞勒、[美] 卡斯·桑斯坦 , 刘宁 , 中信出版集团 , 2018-3-1 , 59.00, 行为经济学 理查德·塞勒,想读
“错误”的行为,[美] 理查德·塞勒 , 王晋 , 中信出版集团 , 2018-3-1 , 69.00, 经济学 行为经济学 理查德·塞勒,想读
汴京之围,郭建龙 ,, 天地出版社 , 2019-7-1 , CNY 78.00, 宋史 历史 靖康之难,想读
论文与治学,郑也夫 ,, 中信出版集团 , 2018-5 , 38.00元, 方法论 研究方法 思考 论文 郑也夫,想读
社会学的想象力,[美] C.赖特·米尔斯 , 李康 , 北京师范大学出版社 , 2017-3-2 , 48.00元, 社会学 方法论,想读
经济解释,张五常 ,, 中信出版社 , 2015-9 , 119.00元, 张五常 经济学,想读
战争论,[德]卡尔·冯·克劳塞维茨 , 时殷弘 , 商务印书馆 , 2016-5 , 86.00元, 克劳塞维茨 军事,想读
21世纪资本论,[法] 托马斯·皮凯蒂（Thomas Piketty） , 巴曙松 等译 , 中信出版社 , 2014-9 , 98.00元, 政治社会学 金融 经济 社会学 社会科学,想读
投资银行、对冲基金和私募股权投资,(美)戴维·斯托厄尔 , 黄嵩、赵鹏 , 机械工业出版社 , 2013-4 , 99.00元, 金融投资,想读
海昏侯新论,辛德勇 ,, 生活 读书 新知三联书店 , 2019-6 , 66.00元, 辛德勇 海昏侯,想读
海昏侯刘贺,辛德勇 ,, 生活·读书·新知三联书店 , 2016-10-1 , CNY 49.00, 海昏侯刘贺 辛德勇 历史,想读
看得见的手,小艾尔弗雷德·D.钱德勒 , 重武 , 商务印书馆 , 1987-09 , 76, 企业 管理学 管理哲学,想读
交易系统与方法（原书第5版）,佩里 J. 考夫曼 , 高闻酉、高瑄、郭思齐 , 机械工业出版社 , 2018-10 , 199, 交易系统 金融投资 投资交易,想读
大流感,约翰·M·巴里 , 钟扬等 译 金力 校 , 上海科技教育出版社 , 2008-12 , 49.80元, 医学史,想读
素数之恋,(美)约翰·德比希尔 , 陈为蓬 , 上海科技教育出版社 , 2008-12-01 , 34.00元, 素数 数学 数学史 科普 数论,想读
工程学,[美]欧阳莹之 , 李啸虎、吴新忠、闫宏秀 , 上海科技教育出版社 , 2017-7-1 , 65.00, 工程学 工程哲学 科学哲学,想读
C++ API设计,[美] Martin Reddy , 刘晓娜、臧秀涛、林健 , 人民邮电出版社 , 2013-8 , 89.00, C++ API 接口,想读
微服务架构设计模式,[美]　克里斯?理查森（Chris Richardson） , 喻勇　译 , 机械工业出版社 , 2019-5 , 139元, 架构 微服务 软件开发,想读
科学革命的结构,[美]托马斯·库恩、[美]伊安·哈金 (导读) , 金吾伦、胡新和 , 北京大学出版社 , 2012-11 , 29.00元, 方法论 社科 科学史 科学哲学,想读
系统之美,[美] 德内拉•梅多斯 , 邱昭良 , 浙江人民出版社 , 2012-8 , 56.90元, 系统论 方法论,想读
中国文化与中国的兵,雷海宗 ,, 北京出版社 , 2016-2 , 24.00元, 雷海宗 古代文化 历史,想读
数据密集型应用系统设计,Martin Kleppmann , 赵军平、李三平、吕云松、耿煜 , 中国电力出版社 , 2018-9-1 , 128, 分布式系统 软件工程 架构,想读
第二个经典时代,吕正惠 ,, 生活·读书·新知三联书店 , 2019-6 , 49.00元, 古典文学 吕正惠,想读
项目管理知识体系指南,项目管理协会 (Project Management institute) , 许江林等 , 电子工业出版社 , 2013-7-1 , CNY 128.00, 项目管理,想读
项目计划、进度与控制,[美] 詹姆斯·刘易斯 , 石泉、杨磊 , 机械工业出版社 , 2012-6-15 , 69.00元, 美国 项目管理,想读
项目经理案头手册,刘易斯 ,, 雷晓凌 , 2009-1 , 42.00元, 项目管理,想读
宋代台谏制度研究,虞云国 ,, 上海书店 , 2009-4-1 , 20.00元, 台谏 虞云国 宋史,想读
中国政治思想史,萧公权 ,, 商务印书馆 , 2011-12 , 95.00元, 萧公权 政治思想史,想读
中国政治制度史纲,严耕望 ,, 上海古籍出版社 , 2017-3 , 38.00元, 政治史 中国 制度史 严耕望,想读
祖宗之法,邓小南 ,, 生活·读书·新知三联书店 , 2014-11 , 67.00元, 政治史 宋史,想读
文化形态史观·中国文化与中国的兵,雷海宗、林同济 , 2015年2月第2版 定價52元 , 吉林出版集团有限责任公司 , 2010-10 , 46.00元, 雷海宗 文化 中国 历史,想读
宋史,陈振 ,, 上海人民出版社 , 2003-04 , 48.00, 宋史 陈振,想读
南宋全史（全二册）,何忠礼 ,, 上海古籍出版社 , 2011-12 , 158.00元, 宋史 南宋 何忠礼,想读
中国古代史史料学,何忠礼 ,, 上海古籍出版社 , 2012-8 , 68.00元, 历史 何忠礼 史料学,想读
说中国,许倬云 ,, 广西师范大学出版社 , 2015-5 , 48.00元, 文化史 历史学 许倬云,想读
万古江河,许倬云 ,, 理想国|湖南人民出版社 , 2017-12-1 , 68.00, 文化史 社会史 许倬云,想读
两宋史研究汇编,刘子健 ,, 联经出版事业公司 , 1987 , 新台幣300元, 刘子健 宋史 论文集,想读
中国转向内在,[美] 刘子健 , 赵冬梅 , 江苏人民出版社 , 2002-1 , 12.00元, 宋史 刘子健,想读
太原功臣与唐初政治,张耐冬 ,, 中国社会科学出版社 , 2018-5 , 58.00元, 隋唐,想读
南宋行暮,虞云国 ,, 上海人民出版社 , 2018-9 , 55.00, 虞云国 南宋 宋史,想读
IT治理,彼得·维尔 ,, 商务印书馆 , 2005-9 , 45.00元, IT 管理 IT治理,想读
巨匠与杰作,(英)威廉·萨默塞特·毛姆 , 李锋 , 上海译文出版社 , 2013-8 , 38.00元, 毛姆 文学评论,想读
TCP/IP详解 卷1：协议（原书第2版）,Kevin R. Fall W. Richard Stevens , 吴英、张玉、许昱玮 , 机械工业出版 , 2016-6-23 , CNY 129.00, TCP/IP,想读
士大夫政治演生史稿,阎步克 ,, 北京大学出版社 , 2015-1-1 , CNY 75.00, 士大夫 历史 阎步克,想读
中国古代官阶制度引论,阎步克 ,, 北京大学出版社 , 2010-1-1 , CNY 58.00, 阎步克 政法典章,想读
深入理解LINUX网络技术内幕,Christian Benvenuti , 夏安、闫江毓、黄景昌 , 中国电力出版社 , 2009-6 , 128.00元, Linux kernel network,想读
记忆，历史，遗忘,[法] 保罗·利科（Paul Ricoeur） , 李彦岑、陈颖 , 华东师范大学出版社 , 2017-9-1 , CNY 158.00, 法国 历史哲学 保罗·利科,想读
魏晋南北朝史发微,高敏 ,, 中华书局 , 2005-1 , 26.00元, 魏晋南北朝史 高敏,想读
北魏史(修订版),杜士铎 ,, 北岳文艺出版社 , 2017-1 , 68, 北魏,想读
长尾理论2.0,安德森 , 乔江涛、石晓燕 , 中信出版社 , 2009-5 , 42.00元, 长尾理论 互联网,想读
隋唐制度渊源略论稿 唐代政治史述论稿,陈寅恪 ,, 生活·读书·新知三联书店 , 2001-4 , 40.00元, 陈寅恪 隋唐,想读
北周地理志（全二册）,王仲荦 ,, 中华书局 , 2007-12 , 85.00元, 北周 王仲荦,想读
唐代交通图考,严耕望 ,, 上海古籍出版社 , 2007-3 , 198.00元, 地理 严耕望 唐代,想读
中国政治制度史纲,严耕望 ,, 上海古籍出版社 , 2013-12-1 , CNY 29.00, 严耕望 制度史,想读
中国中世社会与共同体（增订本）,谷川道雄 , 马彪 , 上海古籍出版社 , 2013-12 , 58.00元, 中国古代史 日本 谷川道雄,想读
廿二史考异,钱大昕 , 陈文和 注解 , 凤凰出版社 , 2008 , 78.00元,,想读
管锥编（全五册）,钱钟书 ,, 中华书局 , 1979-08 , 88.00,,想读
元和姓纂,[唐]林宝 撰、岑仲勉校记、郁贤皓 整理、陶敏 整理、孙望 审定 ,, 中华书局 , 2008年10月 , 278.00元, 岑仲勉 古籍 姓氏 元和姓纂,想读
隋唐五代史,王仲荦 ,, 上海人民出版社 , 2016-12-1 , CNY 158.00, 王仲荦 隋唐史,想读
南宋初期政治史研究,[日]寺地遵 , 刘静贞、李今芸 , 复旦大学出版社 , 2016-4 , 68.00元, 日本汉学 历史 南宋,想读
北周六典（上下）,王仲荦 ,, 中华书局 , 2007-12 , 52.00元, 魏晋南北朝史 北周 历史 王仲荦,想读
TCP/IP入门经典,卡萨德(Joe Casad) , 井中月、巩亚萍 , 人民邮电出版社 , 2012-4-1 , 49.00元, 计算机网络 TCP/IP,想读
東魏北齊的統治集團,王怡辰 ,, 文津出版社有限公司 , 2006-10-1 , NT$ 480, 魏晋南北朝史 北齊史,想读
關隴集團的權力結構演變,呂春盛 ,, 稻鄉出版社 , 2002-3-1 , NT480, 魏晋南北朝史 关陇集团,想读
六朝政治,陈长琦 ,, 南京出版社 , 2010-8 , 30.00元, 魏晋南北朝史 陈长琦,想读
波峰与波谷,阎步克 ,, 北京大学出版社 , 2017-4 , 45.00元, 魏晋南北朝史 阎步克 政治制度,想读
中国古代社会,何兹全 ,, 北京师范大学出版社 , 2005-6-1 , 30.00元, 中国历史 社会史,想读
魏晋南北朝兵制研究,高敏 ,, 大象出版社 , 1998-5-1 , 15.30元, 魏晋南北朝史 军事 兵制,想读
品位与职位,阎步克 ,, 中华书局 , 2009-7-1 , 48.00元, 秦汉史 魏晋南北朝史 制度史,想读
北魏政治史（一）,张金龙 ,, 甘肃教育出版社 , 2008-10 , 35.00元, 鲜卑 魏晋南北朝史 政治史 北魏 张金龙,想读
两汉魏晋南北朝时期关东豪族研究,尹建东 ,, 四川大学出版社 , 2007-4 , 26.00元, 历史 门阀 豪族 魏晋南北朝 社会史,想读
拓跋春秋,李凭 ,, 浙江文艺出版社 , 2010-1 , 32.00元, 魏晋南北朝 鲜卑,想读
北魏平城时代,李凭 ,, 上海古籍出版社 , 2014-12-1 , 55.00元, 魏晋南北朝,想读
北朝论稿,李凭 ,, 北京师范大学出版社 , 2018-10 , 75.00元, 魏晋南北朝史,想读
魏晋十六国河西史稿,贾小军 ,, 天津古籍出版社 , 2009-9 , 23.00元, 魏晋南北朝史 历史,想读
籍贯与流动,宋燕鹏 ,, 河北大学出版社 , 2011-6 , 48.00元, 中国 魏晋南北朝史 历史 历史地理,想读
魏晋南北朝隋唐史学的基本问题,(日) 谷川道雄 ,, 中华书局 , 2010-10-1 , CNY 58.00, 魏晉南北朝 中国 历史学 学术,想读
突厥汗国与隋唐关系史研究,吴玉贵 ,, 商务印书馆 , 2017-11 , 116, 隋唐 民族史 历史 中国,想读
古代中国的历史与文化,劳榦 ,, 中华书局 , 2006-12 , 88.00元, 文化 中国 古代史 劳榦 历史,想读
UNIX/Linux 系统管理技术手册,Evi Nemeth、Garth Snyder、Trent R. Hein、Ben Whaley , 张辉 , 人民邮电出版社 , 2012-6 , 128.00元, Linux/Unix 系统管理 运维 操作系统,想读
分布式系统,（英）George Coulouris、Jean Dollimore、Tim Kindberg、Gordon Blair , 金蓓弘、马应龙 , 机械工业出版社 , 2013-3 , 128.00元, 软件工程 分布式,想读
《春秋》与“汉道”,陈苏镇 ,, 中华书局 , 2011-9-1 , 88.00元, 中国 历史 社会学 政治学,想读
中国古代的社会与国家,(日) 增渊龙夫 , 吕静 , 上海古籍出版社 , 2017-9-1 , CNY 88.00, 历史 中国 日本汉学,想读
西汉侯国地理,马孟龙 ,, 上海古籍出版社 , 2013-11 , 88, 历史地理学 中国,想读
Linux/UNIX系统编程手册,Michael Kerrisk , 孙剑 许从年 董健、孙余强 郭光伟 陈舸 , 人民邮电出版社 , 2014-1 , 158, 计算机 Linux/Unix 程序设计 经典之作,想读
驯化,【英】艾丽丝·罗伯茨 , 李文涛 , 读者出版社 , 2019-5 , 79.00, 进化论 人类学 生物 科普 文化 社科,想读
学术训练与学术规范,荣新江 ,, 北京大学出版社 , 2011-4-1 , 30.00元, 中古史 入门 历史 荣新江 方法论 学术训练 历史学,想读
隋唐帝国形成史论,谷川道雄 , 李济沧 , 上海古籍出版社 , 2011-6-1 , 58.00元, 谷川道雄 历史 隋唐史 日本,想读
六朝贵族制社会研究,川胜义雄 , 徐谷梵、李济沧 , 上海古籍出版社 , 2008-01 , 49.00元, 历史 日本 川胜义雄 六朝,想读
魏晋南北朝史十二讲,周一良 ,, 中华书局 , 2016-5 , 45.00元, 周一良 魏晋南北朝 历史,想读
魏晋南北朝史札记,周一良 ,, 中华书局 , 1985-3-1 , 34.00元, 魏晋南北朝 历史 周一良,想读
六朝贵族制社会研究,[日] 川胜义雄 , 徐谷芃、李济沧 , 上海古籍出版社 , 2018-11 , 68, 魏晋南北朝史 川胜义雄 日本汉学 历史,想读
西汉政区地理,周振鹤 ,, 商务印书馆 , 2017-5 , 68.00元, 周振鹤 历史地理学 历史 地理,想读
中国古代思想史论,李泽厚 ,, 生活·读书·新知三联书店 , 2017-5 , 65.00, 思想史 李泽厚 哲学 中国 历史,想读
从爵本位到官本位,阎步克 ,, 生活·读书·新知三联书店 , 2017-3 , 78.00, 秦汉史 古代史 阎步克 制度史,想读
拓跋史探,田余庆 ,, 生活·读书·新知三联书店 , 2019-1 , 69.00元, 魏晋南北朝 田余庆 鲜卑 南北朝史 中国古代史 历史,想读
国史讲话：上古,顾颉刚 , 世纪文景,上海人民出版社 , 2015-7 , 36.00元, 国史讲话 顾颉刚 中国历史 上古 普及类 历史,想读
权力与繁荣,(美) 曼瑟·奥尔森 (Mancur Olson) , 苏长和、嵇飞 , 上海人民出版社 , 2018-1 , 49.00, 曼瑟.奥尔森 政治经济学 社会,想读
府兵制度考释,谷霁光 ,, 中华书局 , 2011-7 , 32.00元, 魏晋南北朝史 魏晋南北朝 隋唐史 府兵制 谷霽光,想读
经济与社会（第一卷）,[德] 马克斯·韦伯 , 阎克文 , 上海人民出版社 , 2010-1 , 68.00元, 社会学 马克斯·韦伯 社会理论 政治学 德国 学术 经典,想读
隋唐史,岑仲勉 ,, 华中科技大学出版社 , 2017-8 , 78.00元, 隋唐史 岑仲勉,想读
春秋史,童书业 ,, 上海古籍出版社 , 2003-4-1 , 19.50元, 春秋 童书业,想读
历史学十二讲,[法]安托万·普罗斯特 , 王春华 , 北京大学出版社 , 2018-9 , 68.00元,,想读
中国历史地图集(第六册)：宋、辽、金时期,谭其骧 ,, 中国地图出版社 , 1996-06-01 , 61.00元, 历史地理 谭其骧,想读
长水集,谭其骧 ,, 人民出版社 , 2011-10 , 199.00元, 历史地理 谭其骧,想读
长水粹编,谭其骧、葛剑雄 ,, 河北教育出版社 , 2000-12 , 27.60元, 谭其骧 历史地理学 中国史,想读
游牧者的抉择,王明珂 , 世纪文景,上海人民出版社 , 2018-6-30 , 59.80元, 人类学 民族史 王明珂 历史学 边疆,想读
最危险的书,[美]凯文‧伯明翰（Kevin Birmingham） , 辛彩娜、冯洋 , 社会科学文献出版社 , 2018-10 , 89.00, 甲骨文丛书 外国文学,想读
世界的演变,[德] 于尔根·奥斯特哈默 , 强朝晖、刘风 , 社会科学文献出版社 , 2016-11-1 , CNY 238.00, 社会学 世界史 甲骨文丛书,想读
权力与特权,[美] 格尔哈特·伦斯基 , 关信平、陈宗显、谢晋宇 , 社会科学文献出版社 , 2018-1-1 , 92, 社会学 政治学 格尔哈特·伦斯基,想读
计算机组成（第 6 版）,Andrew S. Tanenbaum、Todd Austin , 刘卫东、宋佳兴 , 机械工业出版社 , 2014-8-19 , CNY 99.00, 计算机组成原理,想读
图解TCP/IP（第5版）,[日]竹下隆史、[日]村山公保、[日]荒井透、[日]苅田幸雄 , 乌尼日其其格 , 人民邮电出版社 , 2013-7-1 , 69.00元, 日本 TCP/IP 软件工程,想读
禅与摩托车维修艺术,(美)罗伯特·M.波西格 , 张国辰 , 重庆出版社 , 2011-9 , 36.00元, 旅游行走系列 禅 旅行 文学 波西格,想读
这样读书就够了,赵周 ,, 中信出版集团 , 2017-12 , 48.00, 个人管理 学习方法 阅读,想读
驱动力,[美] 丹尼尔•平克 , 龚怡屏 , 中国人民大学出版社 , 2012-2 , 42.00元, 管理学 个人管理 自我管理,想读
Linux防火墙,Michael Rash , 陈健 , 人民邮电出版社 , 2009-04 , 49.00元, Linux iptables firewall 网络安全 防火墙,想读
正统与华夷,刘浦江 ,, 中华书局 , 2017-9-1 , CNY 79.00, 中国政治 古代史,想读
汉唐间史学的发展（修订版）,胡宝国 ,, 北京大学出版社 , 2014-10-1 , 39元, 胡宝国 学术史 史学史 史学理论,想读
宋代城市研究,包伟民 ,, 中华书局 , 2014-7-1 , CNY 56.00, 宋 社会史 经济史 中国古代史,想读
终极之典,吴麗娱 ,, 中华书局 , 2012-12 , 98.00元, 礼制 中古史,想读
读史存稿（增订本）,缪钺 ,, 北京大学出版社 , 2017-12 , 98.00, 读史存稿 缪钺,想读
魏晋玄学史,余敦康 ,, 北京大学出版社 , 2015-12-1 , 85.00元, 魏晋南北朝史 思想史 哲学 魏晋玄学 玄学,想读
隐性逻辑,[德] 卡尔·诺顿 , 张帆 , 九州出版社丨阳光博客 , 2017-7-1 , 42.00, 逻辑 反思,想读
富爸爸，穷爸爸,（美）罗伯特・T・清崎、莎伦・L・莱希特 , 杨君，杨明 , 世界图书出版公司 , 2000-09 , 18.80, 理财,想读
商业的本质,[美] 杰克·韦尔奇、[美] 苏茜·韦尔奇 , 蒋宗强 , 中信出版社 , 2016-4-6 , 49.00元, 企业管理 杰克•韦尔奇,想读
两汉魏晋南北朝宰相制度研究,祝总斌 ,, 北京大学出版社 , 2017-4 , 64.00, 魏晋南北朝 制度史,想读
秦汉魏晋史探微,田余庆 ,, 中华书局 , 2011-6-1 , 38.00元, 魏晋南北朝史 田余庆 中华书局,想读
计算机网络（第6版）,[美] James F.Kurose、[美] Keith W.Ross , 陈鸣 , 机械工业出版社 , 2014-10 , 79.00元, 计算机网络,想读
软件项目成功之道,,,,,, 软件工程,想读
精益开发实战,克里伯格 , 李祥青 , 人民邮电出版社 , 2012-9 , 39.00元, 敏捷 软件工程,想读
软件测试的艺术,Glenford J. Myers、Tom Badgett , 张晓明 , 机械工业出版社华章公司 , 2012-4-15 , 39.00元, 经典 入门 软件工程,想读
Python编程,[美]埃里克·马瑟斯 , 袁国忠 , 人民邮电出版社 , 2016-7-1 , CNY 89.00, python,想读
深入理解计算机系统（原书第3版）,Randal E.Bryant、David O&#39;Hallaron , 龚奕利、贺莲 , 机械工业出版社 , 2016-11 , 139.00元, CSAPP 操作系统,想读
算法详解（卷1）——算法基础,[美]蒂姆·拉夫加登（Tim Roughgarden） , 徐波 , 人民邮电出版社 , 2019-1-1 , 49, 计算机 算法 Algorithms,想读
编程格调,[美] Brian W. Kernighan、[美] P.J. Plauger , 高博、徐章宁 , 人民邮电出版社 , 2015-3 , 49, 计算机 程序设计 软件工程,想读
经略幽燕,曾瑞龙 ,, 北京大学出版社 , 2013-1 , 49.00元, 宋史 战略,想读
宋辽战争论考,王晓波 ,, 四川大学出版社 , 2011-4-1 , 26.00元, 宋代 战争史,想读
Linux内核源代码情景分析（上册）,毛德操、胡希明 ,, 浙江大学出版社 , 2001-9 , 80.00元, linux kernel,想读
Linux内核完全注释,赵炯 ,, 机械工业出版社 , 2005-8 , 42.00元, Linux 操作系统 Linux内核,想读
普林斯顿微积分读本（修订版）,[美] Adrian Banner , 杨爽、赵晓婷、高璞 , 人民邮电出版社 , 2016-10 , 99.00元, 微积分,想读
简单微积分,[日] 神永正博 , 李慧慧 , 人民邮电出版社 , 2018-7 , 49, 微积分 日本 科普,想读
当代名家学术思想文库·田余庆卷,田余庆 ,, 万卷 , 2011-1 , 68.00元, 田余庆 文集 历史,想读
文言语法,杨伯峻 ,, 中华书局 , 2016-6 , 29, 语法 杨伯峻 古代汉语,想读
古汉语语法及其发展（全二册）,杨伯峻、何乐士 ,, 语文出版社 , 2001-8-1 , 65.00元, 汉语史,想读
古汉语虚词,杨伯峻 ,, 中华书局 , 1981-2 , 18.00元, 古代汉语 语言学 工具书 杨伯峻,想读
春秋左传注（全四册）,杨伯峻 ,, 中华书局 , 2009 , 178.00元, 中华书局 杨伯峻 左传,想读
论语译注,杨伯峻 ,, 中华书局 , 2009-10-1 , 22.00元, 杨伯峻 论语 中华书局,想读
明通鉴（全六册）,[清]夏燮撰、沈仲九标点 ,, 中华书局 , 2009 , 680.00元, 明通鉴,想读
魏晋南北朝隋唐史三论,唐长孺 ,, 中华书局 , 2011-4-1 , 46.00元, 魏晋南北朝史 唐长孺,想读
劝读论语和论语读法,钱穆 ,, 商务印书馆 , 2014-12 , 18.00, 商务印书馆 钱穆 论语,想读
词史,刘毓盘 ,, 商务印书馆 , 2015-3 , 22.00元, 文学理论 词 历史 *北京·商务印书馆*,想读
庄子今注今译,陈鼓应 ,, 商务印书馆 , 2016-5-1 , 108.00元, 庄子 陈鼓应 *北京·商务印书馆*,想读
成为技术领导者,杰拉尔德·温伯格 (Gerald M.Weinberg) , 余晟 , 电子工业出版社 , 2015-7-1 , CNY 69.00, 软件开发 领导力,想读
能夏则大与渐慕华风,胡鴻 ,, 北京师范大学出版社 , 2017-3 , CNY 59.00, 华夏化 中国古代史,想读
长安与河北之间,仇鹿鸣 ,, 北京师范大学出版社 , 2018-11-1 , 78.00元, 中晚唐,想读
原则与妥协（增订版）,王希 ,, 北京大学出版社 , 2014-12 , 150.00元, 政治学 宪法史 美国史,想读
南明史,顾诚 ,, 光明日报出版社 , 2011-8-26 , 88.00元, 南明 顾诚,想读
魏晋之际的政治权力与家族网络,仇鹿鸣 ,, 上海古籍出版社 , 2015-6-1 , 76.00元, 魏晋南北朝史,想读
敏捷革命：提升个人创造力与企业效率的全新协作模式,[美] 杰夫·萨瑟兰 , 蒋宗强 , 中信出版社 , 2017-4 , 49.00元, 软件工程 敏捷开发,想读
中国史纲,张荫麟 ,, 中華書局 , 2012-7 , 26.00元, 张荫麟 中华书局 通史,想读
黄侃国学讲义录,黄侃 ,, 中华书局 , 2006-5 , 26.00, 章黄学派 黄侃 國學,想读
国学概论,钱穆 ,, 九州出版社 , 2011-1 , 48.00元, 国学 錢穆,想读
国史十六讲,樊树志 , 有2012年9月第17次印本 , 中华书局 , 2009-5 , 38.00元, 通识 樊树志 中国 入门,想读
历史学是什么,葛剑雄、周筱赟 ,, 北京大学出版社 , 2015-9 , 48.00元, 葛剑雄 历史学 中国,想读
一生能读几多书,范福潮 ,, 东方出版社 , 2018-1 , 59.00元, 父子大学 书海泛舟记 范福潮,想读
用户故事地图,Jeff Patton , 李涛、向振东 , 清华大学出版社 , 2016-4-1 , 59.00元, 交互设计 用户故事,想读
历史知识理论,[德] 德罗伊森 著、耶尔恩·吕森、胡昌智 编选 , 胡昌智 , 北京大学出版社 , 2006-7 , 15.00元, 历史哲学 历史学,想读
历史学十二讲,[法] 安托万•普罗斯特 , 王春华 , 北京大学出版社 , 2012-5 , 38.00元, 方法论 法国 历史学,想读
人类的故事,房龙、约翰·梅里曼 , 胡允桓 , 生活·读书·新知三联书店 , 2010-4 , 45.00元, 世界历史 房龙 三联书店,想读
优质代码,[美]Stephen Vance 斯蒂芬•万斯 , 伍斌 , 人民邮电出版社 , 2015-1 , 49, 软件工程 测试,想读
清代通史(全5册),萧一山 ,, 华东师范大学出版社 , 2006-3 , 580.00元, 萧一山 清史,想读
精益开发与看板方法,李智桦 , 李淳 , 清华大学出版社 , 2016-1-1 , 49.00, 软件工程,想读
Scrum敏捷软件开发,Mike Cohn , 廖靖斌、吕梁岳、陈争云、阳陆育 , 清华大学出版社 , 2010-11 , 69.00元, agile 软件开发,想读
书写历史,朱渊清 ,, 上海古籍出版社 , 2009-08 , 108.00元, 朱渊清 中国历史,想读
建元与改元,辛德勇 ,, 中华书局 , 2013-7-1 , 47.00元, 年号 年代学 秦汉,想读
西周的政体,李峰 , 吴敏娜、胡晓军、许景昭、侯昱文 , 生活·读书·新知三联书店 , 2010-08 , 45.00元, 李峰 西周 制度史,想读
西周的灭亡,李峰 , 徐峰、汤惠生 , 上海古籍出版社 , 2007-10-01 , 38.00, 李峰 西周史,想读
西周史,许倬云 ,, 生活·读书·新知三联书店 , 2012-3 , 48.00元, 许倬云 西周史,想读
西周史,杨宽 ,, 上海人民出版社 , 2016-7 , 118.00元, 西周 杨宽 断代史,想读
南北战争三百年,李硕 , 世纪文景 ,上海人民出版社 , 2018-2 , 59.00元, 魏晋南北朝史 军事 武器,想读
祖先III,安森垚 ,, 九州出版社 , 2018-3 , 45.00, 历史 社会学,想读
修改软件的艺术,[美] David Scott Bernstein , 李满庆 , 人民邮电出版社 , 2017-10 , 55.00元, 软件工程 敏捷,想读
企业应用架构模式,Martin Fowler , 王怀民、周斌 , 机械工业出版社 , 2010-4 , 59.00元, 软件工程 软件架构,想读
领域特定语言,Martin Fowler , ThoughtWorks中国 , 机械工业出版社华章公司 , 2013-3 , 89.00元, 软件工程 Fowler DSL,想读
学习敏捷,[美] Andrew Stellman、[美] Jennifer Greene , 段志岩、郑思遥 , 人民邮电出版社 , 2017-3 , 79.00元, 计算机 敏捷开发 软件工程,想读
代码质量,季奥米季斯•斯宾耐立思(Diomidis Spinellis) , 左飞、吴跃、李洁 , 电子工业出版社 , 2012-7 , 89.00元, 软件开发,想读
代码阅读,季奥米季斯·斯宾耐立思(Diomidis Spinellis) , 左飞、吴跃、杨宁 , 电子工业出版社 , 2012-8 , 79.00元, 软件工程 代码,想读
诗与它的山河,萧驰 ,, 生活·读书·新知三联书店 , 2018-1 , 120.00元, 魏晉南北朝,想读
计算机程序设计艺术：第4卷 第4册（双语版）,Donald E.Knuth , 苏运霖 , 机械工业出版社 , 2007-4 , 42.00元, 算法 计算机科学,想读
昨日世界,[奥] 茨威格 , 张玉书 , 人民文学出版社 , 2015-4 , 39.00元, 茨威格 回忆录,想读
精神世界的缔造者,[奥] 斯蒂芬•茨威格 , 申文林、高中甫 等 , 新星出版社 , 2017-8 , 88.00元, 奥地利 茨威格 传记,想读
罗曼诺夫皇朝,[英] 西蒙·塞巴格·蒙蒂菲奥里 , 陆大鹏 , 社会科学文献出版社 , 2017-11 , CNY 168.00, 俄罗斯 欧洲史,想读
霍乱时期的爱情（2015年修订版）,[哥伦比亚] 加西亚·马尔克斯 , 杨玲 , 南海出版公司 , 2015-6 , 49.50元, 经典 加西亚·马尔克斯 拉美文学 小说,想读
Exceptional C++（中文版）,萨特 , 聂雪军 , 电子工业出版社 , 2012-6 , 59.00元, C/C++,想读
大规模c++程序设计,[美] John Lakos , 刘冰、张林 , 机械工业出版社 , 2014-10-1 , 129, 大规模 C++ 工程模式,想读
C#并发编程经典实例,克利里 (Stephen Cleary) , 相银初 , 人民邮电出版社 , 2015-1-1 , CNY 49.00, .NET C# 并发编程,想读
面纱,(英)W.萨默塞特·毛姆 , 阮景林 , 重庆 , 2012-05-01 , 32.00元, 毛姆 英国文学 人性,想读
并发的艺术,Clay Breshears , 聂雪军 , 机械工业出版社 , 2010年9月 , 49.00元, 软件开发 并行计算 O&#39;Reilly,想读
陈寅恪魏晋南北朝史讲演录,万蝇楠 整理 ,, 贵州人民出版社 , 2007-4 , 29.8, 中国 历史 魏晋南北朝 陈寅恪,想读
设计中的设计 | 全本,[日] 原研哉 , 纪江红、朱锷 , 广西师范大学出版社 , 2010-09 , 98.00元,,想读
读书之道,詹福瑞 ,, 中华书局 , 2015-4 , 35.00元,,想读
遍地风流,阿城 ,, 江苏凤凰文艺出版社 , 2016-3-1 , 68, 阿城 短篇小说 中国,想读
巨婴国,武志红 ,, 浙江人民出版社 , 2016-12 , CNY 58.00, 心理学 武志红,想读
多莱尔的希腊神话书,[美] 英格丽·多莱尔、[美] 爱德加·帕林·多莱尔 , 熊裕 , 全本书店|江苏教育出版社 , 2016-6-1 , 88, 希腊神话 儿童,想读
有鹿来,苏枕书 ,, 北京联合出版公司 , 2016-1 , 49.8, 散文随笔,想读
北欧，冰与火之地的寻真之旅,[英] 迈克尔·布斯 , 梁卿 , 生活·读书·新知三联书店 , 2016-1 , 58.00元, 北欧 旅行,想读
认识商业（插图修订第10版）,[美] 威廉·尼克尔斯（William G.Nickels）、吉姆·麦克修（James M.McHugh）、苏珊·麦克修（Susan M.McHugh） , 陈智凯、黄启瑞、黄延峰 , 世界图书出版公司·后浪出版公司 , 2016-1 , 99.80元, 商业 管理 经济,想读
伯罗奔尼撒战争,[美] 唐纳德·卡根 , 陆大鹏 , 社会科学文献出版社 , 2016-4 , 79.00元, 历史 古希腊,想读
我的应许之地,[以色列] 阿里·沙维特 , 简扬、有2016年4月3印本 , 中信出版社 , 2016-1 , 68.00元, 以色列 历史,想读
山中最后一季,[美] 埃里克·布雷姆 , 赖盈满、何雨珈 , 上海社会科学院出版社 , 2016-8 , 39.80元, 纪实文学 美国文学,想读
鳄鱼街,[波] 布鲁诺·舒尔茨 , 林蔚昀 , 广西师范大学出版社·理想国 , 2016-5 , 52.00元, 短篇小说 布鲁诺·舒尔茨 波兰文学,想读
北鸢,葛亮 ,, 人民文学出版社 , 2016-10-1 , 45.00元, 历史 中国 小说 民国 家族史,想读
巨人的陨落,[英] 肯·福莱特 , 于大卫 , 江苏凤凰文艺出版社 , 2016-5-1 , 129.80元, 美国文学 历史,想读
二手时间,[白俄] S.A.阿列克谢耶维奇 , 吕宁思 , 中信出版社 , 2016-1 , 55.00元, 外国文学 俄罗斯文学 纪实,想读
西方政治传统,弗里德里希·沃特金斯 ,, 李丰斌 , 理想国 | 广西师范大学出版社 , 2016-7, 政治哲学 政治学 政治,想读
像我这样的一个读者,西西 ,, 广西师范大学出版社 , 2016-7 , 42, 读书 散文,想读
文明的解析,查尔斯·默里 , 胡利平 , 中信出版社 , 2016-6 , 98, 历史,想读
宽容,[美] 亨德里克·威廉·房龙 , 吴奕俊、陈丽丽 , 江西人民出版社 , 2016-6 , 49.00元, 房龙 文化 美国,想读
内在体验,[法]乔治·巴塔耶 ,, 尉光吉 , 广西师范大学出版社 , 2016-6, 西方哲学,想读
民主的不满,[美] 迈克尔·桑德尔 , 曾纪茂 , 中信出版社 , 2016-8 , 68.00元, 政治哲学 民主 桑德尔,想读
迷信与暴力,[美] 亨利·查尔斯·李 , X. Li , 广西师范大学出版社 , 2016-7-1 , 108元, 暴力 世界史,想读
契诃夫小说全集,[俄] 契诃夫 , 汝龙 , 人民文学出版社 , 2016-5 , 630.00, 俄罗斯文学,想读
查令十字街84号,[美] 海莲·汉芙 , 陈建铭 , 译林出版社 , 2016-5 , 35.00元, 美国文学 小说,想读
金雀花王朝,[英] 丹·琼斯 , 陆大鹏 , 社会科学文献出版社 , 2015-8-1 , 88.00元, 英国史,想读
伊莎贝拉,[美] 克斯汀·唐尼 , 陆大鹏 , 社会科学文献出版社·甲骨文 , 2016-5 , 86.00元, 西班牙史,想读
伦敦传,[英国]彼得·阿克罗伊德 , 翁海贞 , 译林出版社 , 2016-5 , 118.00元, 社会 历史,想读
伤心咖啡馆之歌,[美] 卡森•麦卡勒斯 , 李文俊 , 上海三联书店 , 2012-9 , 31.80元, 卡森·麦卡勒斯,想读
好人难寻,[美]弗兰纳里·奥康纳 , 於梅 , 新星出版社 , 2013-1-30 , 28.00元, 短篇小说 费里纳里-奥康纳,想读
中国思想通俗讲话,钱穆 ,, 生活·读书·新知三联书店 , 2002-8 , 9.00元, 思想史,想读
中国哲学史,冯友兰 ,, 华东师范大学出版社 , 2011-7 , 72.00元, 中国 哲学史,想读
一日重生,(美)米奇·阿尔博姆 , 吴正 , 上海译文出版社 , 2012-3 , 26.00元, 外国文学 米奇·阿尔博姆,想读
王小波全集,王小波 ,, 云南人民出版社 , 2006-7 , 288.00元(全十册), 中国文学,想读
毛姆读书随笔,毛姆 , 刘文荣 , 上海三联书店 , 1999-12 , 20.00, 英国文学 读书随笔,想读
毛姆传,[英]塞琳娜· 黑斯廷斯 , 赵文伟 , 安徽文艺出版社 , 2015-1 , 48.00, 英国 传记与回忆录,想读
毛姆短篇小说精选集,[英] 威廉·萨默塞特·毛姆 , 冯亦代、傅惟慈、陆谷孙 , 译林出版社 , 2012-11 , 36.00元, 毛姆 英国,想读
草原帝国,勒内·格鲁塞 , 李德谋 , 江苏人民出版社 , 2011-3 , 48.00元, 人文历史,想读
与神对话（第二卷）,尼尔•唐纳德•沃尔什 , 李继宏 , 上海书店出版社 , 2010-8-5 , 35.00, 哲学,想读
与神对话（第一卷）,尼尔·唐纳德·沃尔什 , 李继宏 , 上海书店出版社 , 2009年7月 , 28.00元,,想读
午夜之子,[英] 萨曼·鲁西迪 , 刘凯芳 , 北京燕山出版社 , 2015-9 , 56.00元, 印度文学,想读
格调,[美] 保罗·福塞尔 , 梁丽真、乐涛、石涛 , 世界图书出版公司 , 2011-10 , 32.00元, 社会学 生活品味,想读
查令十字街84号,[美] 海莲·汉芙 , 陈建铭 , 译林出版社 , 2005-05-01 , 18.00元, 读书 英国 小说,想读
温德先生,[美]伯特·斯特恩 , 马小悟、余婉卉 , 北京大学出版社 , 2016-1 , 58.00, 学者 知识分子 温德,想读
竞争与企业家精神,[美] 伊斯雷尔·柯兹纳 , 刘业进 , 浙江大学出版社 , 2013-4 , 35.00元, 企业家 经济学,想读
通缩之问,【德】菲利普·巴格斯 , 杨农、熊越 , 清华大学出版社 , 2015-9-1 , 48, 经济学,想读
资本及其结构,Ludwig Lachmann , 刘纽 , 上海财经大学出版社 , 2015-11-1 , 36.00, 奥地利学派,想读
人、经济与国家,[美] 穆雷·N. 罗斯巴德 , 董子云、李松、杨震 , 浙江大学出版社 , 2015-7-1 , 118, 经济 奥地利学派,想读
货币和信用理论,[奥]路德维希·冯·米塞斯 , 樊林洲 , 商务印书馆 , 2015-10 , 52.00, 米塞斯及其研究,想读
人的行为,〔奥〕 路德维希·冯·米塞斯 , 夏道平 , 上海社会科学院出版社 , 2015-9 , 148.00元, 经济学 社会学,想读
世界土地所有制变迁史,〔英〕 安德罗•林克雷特 , 启蒙编译所 , 上海社会科学院出版社 , 2016-1 , 79.80元, 文化史 历史,想读
百年孤独,[哥伦比亚] 加西亚·马尔克斯 , 范晔 , 南海出版公司 , 2011-6 , 39.50元, 百年孤独,想读
无所归止,胡兰成 , 小北 , 中国长安出版社 , 2016-1 , 48,,想读
自卑与超越,阿尔弗雷德·阿德勒 , 杨颖 , 浙江文艺出版社 , 2016-1-1 , 32.00元, 心理学,想读
如何阅读一本文学书,[美] 托马斯·福斯特 , 王爱燕 , 南海出版公司 , 2016-2-1 , 39.50元, 文学 托马斯·福斯特,想读
阅读的乐趣,[美]艾伦·雅各布斯 , 魏瑞莉 , 译林出版社 , 2015-5 , 26.00元, 随笔 阅读,想读
序跋集,[英] W. H. 奥登 , 黄星烨 , 上海译文出版社 , 2015-11 , 78.00, 外国文学,想读
雨王亨德森,索尔·贝娄 , 蓝仁哲 , 上海译文出版社 , 2006-12 , 27.00元, 诺贝尔文学奖,想读
古典传统,[美]吉尔伯特·海厄特（Gilbert Highet) , 王晨 , 北京联合出版公司·后浪出版公司 , 2015-10 , 78.00元, 比较文学,想读
1+12:通向常识的道路,刘苏里 ,, 中国文史出版社 , 2015-8-1 , 39.80, 社会学,想读
我已与一万亿株白桦相逢,胡成 ,, 广东人民出版社 , 2015-9 , 68.00元, 随笔,想读
群山之巅,迟子建 ,, 人民文学出版社 , 2015-1 , 35.00元, 迟子建,想读
中国人的教训（上册）,李国文 ,, 北京大学出版社 , 2015-7-1 , 48.00元, 借鉴 李国文,想读
海风中失落的血色馈赠,[加拿大] 阿利斯泰尔·麦克劳德 , 陈以侃 , 上海文艺出版社 , 2015-6-1 , CNY 20.00, 加拿大,想读
古道,[英] 罗伯特·麦克法伦 , 王青松 , 上海译文出版社 , 2014-12 , 49.00, 游记 英国,想读
24重人格,[美] 卡梅伦·韦斯特 , 李永平 , 上海译文出版社 , 2013-5 , 42.00元, 美国 心理小说,想读
漫长的告别,[美] 雷蒙德·钱德勒 , 卢肖慧 , 南海出版公司 , 2013-7 , 39.50元, 美国,想读
最重要的事，只有一件,[美] 加里·凯勒、[美]杰伊·帕帕森 , 张宝文 , 中信出版社 , 2015-11 , 35.00元, 个人管理,想读
林间空地,[美] 弗罗斯特 , 杨铁军 , 上海文艺出版社 , 2015-5 , 66.00, 罗伯特·弗罗斯特,想读
忆昔,汪曾祺 ,, 北京联合出版公司 , 2014-12 , 36.00元, 散文,想读
为什么读书,[法] 夏尔•丹齐格 , 阎雪梅 , 理想国丨广西师范大学出版社 , 2012-6 , 36.00元, 读书,想读
现代精神与儒家传统（杜维明作品系列）,杜维明 ,, 生活·读书·新知三联书店 , 2013-8 , 53.00, 儒家,想读
中国史学名著,钱穆 ,, 生活·读书·新知三联书店 , 2013-4 , 36.00元, 学术,想读
国史新论,钱穆 ,, 生活·读书·新知三联书店 , 2012-10 , 39.00元, 国史,想读
孔子传,钱穆 ,, 生活·读书·新知三联书店 , 2012-7 , 22.00元, 中文 儒家,想读
明夷待访录,[明]黄宗羲、段志强译注 ,, 中华书局 , 2011-1-1 , 16.00元, 思想史 政治学,想读
论语新解,钱穆 ,, 生活•读书•新知三联书店 , 2012-7-1 , 39.00元, 哲学 经典,想读
诗意人生,莫砺锋 ,, 江苏人民出版社 , 2014-11 , 25.00元, 普及读物 古典文學,想读
苏丝黄的世界,[英] 理查德•梅森（Richard Mason） ,, 张永英 , 湖南文艺出版社 , 2015-9-1, 小说 英国,想读
失书记·得书记,韦力 ,, 广西师范大学出版社 , 2015-8 , 99.00元, 随笔,想读
战国歧途,刘勃 ,, 新星出版社 , 2015-8 , 28, 战国,想读
危机与重构,李碧妍 ,, 北京师范大学出版社 , 2015-8-30 , 79.80元, 中国史 政治史,想读
历史学的境界,高华 ,, 广西师范大学出版社 , 2015-11 , 48.00, 近代史 中国政治,想读
最好的告别,[美] 阿图·葛文德（Atul Gawande） , 彭小华 , 浙江人民出版社 , 2015-7-31 , 49.90, 阿图·葛文德 社会,想读
追风筝的人,[美] 卡勒德·胡赛尼 , 李继宏 , 上海人民出版社 , 2006-5 , 29.00元, 外国文学 阿富汗,想读
圣经,,,,,, 基督教 圣经,想读
十一种孤独,（美）理查德·耶茨、Richard Yates , 陈新宇 , 上海译文出版社 , 2010-1 , 20.00元, 美国 孤独,想读
追风筝的人,[美] 卡勒德·胡赛尼 , 李继宏 , 上海人民出版社 , 2007-7 , 48.00元, 外国文学,想读
我们的普世文明,(英)V. S. 奈保尔 , 马维达、翟鹏霄 , 南海出版公司 , 2014-8 , 59.50, 英国文学 随笔,想读
信徒的国度,[英] V. S. 奈保尔 , 秦於理 , 南海出版公司 , 2014-8 , 59.50, V.S.奈保尔,想读
岛,〔英〕维多利亚•希斯洛普 , 陈新宇 , 南海出版公司 , 2015-3-1 , 39.50,,想读
今日如何读旧约：希伯来圣经导论,[美] 巴瑞•班德斯塔 , 林艳 , 华东师范大学出版社 , 2014-7 , 118, 旧约 基督教,想读
神圣的存在,【美】米尔恰•伊利亚德 , 晏可佳、姚蓓琴 , 广西师范大学出版社 , 2019-7 , 76.00元, 比较宗教,想读
历史的历史,[英] 约翰•布罗 , 黄煜文 , 广西师范大学出版社 , 2019-7 , 78.00元, 历史的历史 历史学,想读
思想本质,史蒂芬·平克 (Steven Pinker) , 张旭红、梅德明 , 浙江人民出版社 , 2015-8-1 , CNY 129.90, 社会学 思维与实践,想读
中国的宗教,马克斯·韦伯 , 康乐、简惠美 , 广西师范大学出版社 , 2010-9-1 , 36.00元, 社会学 Weber,想读
晚唐,[美] 宇文所安 , 贾晋华 , 生活·读书·新知三联书店 , 2011-1-1 , 42.00, 古典文学 诗歌,想读
存在与虚无,让·保罗·萨特 , 陈宣良 等译、杜小真 校 , 生活·读书·新知三联书店 , 2014-9-1 , CNY 68.00, 西方哲学 萨特 法国,想读
中国大历史,(美) 黄仁宇 ,, 生活·读书·新知三联书店 , 2015-8 , 42.00, 歷史 我的藏書,想读
胡适口述自传,胡适 口述、唐德刚 译注 ,, 广西师范大学出版社 , 2015-2 , 52.00, 2015 历史 胡适,想读
怎样阅读照片,[英]伊安·杰弗里 , 毛卫东 , 浙江摄影出版社 , 2014-8-1 , 138, 照片 攝影 美学 艺术史,想读
蒂凡尼的早餐,[美] 杜鲁门·卡波特 , 董乐山、朱子仪 , 南海出版公司 , 2015-5 , 35.00, 小说 杜鲁门·卡波特,想读
逝年如水,周有光 ,, 浙江大学出版社 , 2015-2-1 , CNY 88.00, 口述史 周有光,想读
悲伤与理智,[美] 约瑟夫·布罗茨基 , 刘文飞 , 上海译文出版社 , 2015-4 , CNY 58.00, 布罗茨基 外国文学,想读
联邦论,（美）亚历山大·汉密尔顿、詹姆斯·麦迪逊、约翰·杰伊 , 尹宣 , 译林出版社 , 2010-05-01 , 58.00元, 美国宪法 宪法 法学,想读
沈从文九讲,张新颖 ,, 中华书局 , 2015-9 , 40.00, 传记 讲座,想读
批评的准备,张定浩 ,, 北岳文艺出版社 , 2015-1 , 35.00元, 文学批评 张定浩,想读
游学生涯,金克木、张定浩编选 ,, 东方出版中心 , 2008.8 , 28.00元, 回忆录 中国,想读
荆棘鸟,考琳·麦卡洛 , 曾胡 , 译林出版社 , 2010-7 , 35.00元, 家族 爱情 小说,想读
爱上浪漫,【英】阿兰•德波顿（Alain de Botton） , 刘凯芳 , 上海译文出版社 , 2012-5 , 49.00元, 英国小说 小说,想读
利维坦,[英] 霍布斯 , 黎思复、黎廷弼 , 商务印书馆 , 1985-9 , 35.00元, 英国 霍布斯,想读
爱情笔记,（英）阿兰·德波顿 , 孟丽 , 上海译文出版社 , 2004-04-01 , 16.00, 哲学 英国 阿兰·德波顿,想读
理智与情感,[英]奥斯丁 , 武崇汉 , 上海译文出版社 , 2008年5月 , 26.00元, 英国文学 简·奥斯丁 小说,想读
刺猬的优雅,[法] 妙莉叶·芭贝里 , 史妍、刘阳 , 南京大学出版社 , 2010-02 , 25.00元, 法国文学 妙莉叶·芭贝里,想读
单向度的人,(美)赫伯特·马尔库塞 , 刘继 , 上海译文出版社 , 2006.4 , 20.00元, 法兰克福学派 社会学 文化,想读
宋元學案（全四冊）,[清] 黃宗羲 原著、[清] 全祖望 補修 , 陳金生、梁運華 點校 , 中華書局 , 1986-12 , 248.00元, 黄宗羲 宋元学案,想读
文艺心理学,朱光潜 ,, 复旦大学出版社 , 2005-05 , 23.00, 文艺心理学 文艺学,想读
七宗罪,安东尼·布鲁诺 , 蔡丹青 , 世界图书出版公司 , 2015-11 , 35.00, 悬疑 好书，值得一读 外国文学,想读
马雁诗集,马雁 ,, 新星出版社 , 2012-4 , 25.00元, 文学 马雁 中国文学 诗,想读
神游,田晓菲 ,, 生活·读书·新知三联书店 , 2015-10-1 , 39.00元, 田晓菲 魏晋南北朝 文学研究,想读
咖喱香肠的诞生,,,,,, 女性 德国 乌韦·提姆,想读
宋,吴钩 , 2015年9月第1版 , 广西师范大学出版社集团有限公司 , 2015-9-23 , CNY 79.80, 吴钩 中国 新民说,想读
奥克诺斯,[西班牙] 路易斯·塞尔努达 , 汪天艾 , 人民文学出版社 , 2015-1 , 29.00元, 诗歌 塞尔努达 外国文学,想读
太平鬼记,尚思伽 ,, 南京大学出版社 , 2012-2 , 26.00元,,想读
出轨,[爱尔兰] 威廉·特雷弗 , 杨凌峰 , 上海文艺出版社 , 2015-2 , 29.00元, 威廉·特雷弗 短篇小说 短经典,想读
活出生命的意义,[奥] 维克多·弗兰克 , 吕娜 , 华夏出版社 , 2010-6 , 29.00元, 心理学 意义疗法,想读
布拉格精神,[捷克] 伊凡·克里玛 , 崔卫平 , 广西师范大学出版社 , 2015-11-20 , 52.00,,想读
突然，响起一阵敲门声,[以色列] 埃特加·凯雷特 , 楼武挺 , 上海文艺出版社 , 2013-10-25 , 25.00,,想读
现实与欲望,[西班牙] 路易斯·塞尔努达 , 汪天艾 , 四川文艺出版社 , 2016-1 , 58.00,,想读
现代性的终结,[意] 基阿尼·瓦蒂莫 , 杨恒达 , 河南大学出版社 , 2015-9 , 38.00,,想读
守先待后,刘仲敬 ,, 广西师范大学出版社 , 2015-10-8 , CNY 39.80,,想读
在西伯利亚森林中,[法]西尔万· 泰松 , 周佩琼 , 上海文艺出版社 , 2015-9 , 49,,想读
程序设计语言原理,（美）賽巴斯塔（Sebesta，R.W.） , 张勤.王方矩 , 机械工业出版社 , 2008-6-1 , 75.00元,,想读
斯通纳,[美] 约翰·威廉斯 , 杨向荣 , 上海人民出版社 , 2016-1 , 49.00元, 文学 美国文学 小说,想读
诗人的生活,E.L.多克托罗 , 尚晓进 , 上海文艺出版社 , 2015-6 , 20.00,,想读
酒畔文谭,三圣小庙 ,, 安徽师范大学出版社 , 2015-2-1 , CNY 26.00,,想读
语言本能,[美]史蒂芬·平克 , 欧阳明亮 , 浙江人民出版社 , 2015-5-1 , 109.90元,,想读
与神对话,[美]尼尔·唐纳德·沃尔什 , 李继宏 , 江西人民出版社 , 2015-5 , 48.00,,想读
当我们阅读时，我们看到了什么,[美] 彼得·门德尔桑德 , 应宁 , 未读·文艺家·北京联合出版公司 , 2015-5 , 55.00元,,想读
读,(法) 玛格南图片社、读库 编选 , 读库 , 新星出版社 , 2015-8 , 68,,想读
经济学通识,薛兆丰 ,, 北京大学出版社 , 2015-8 , 58.00元,,想读
战争论,克劳塞维茨(德) , 中国人民解放军军事科学院 , 解放军出版社 , 2005-1-1 , 79.00元,,想读
战争史,约翰·基根 , 时殷弘 , 商务印书馆 , 2010-1-1 , 38.00元,,想读
流行体系,罗兰·巴特 , 敖军 , 上海人民出版社 , 2011-6-1 , 28.00元,,想读
伪装成独白的爱情,[匈] 马洛伊·山多尔 , 郭晓晶 , 译林出版社 , 2015-10 , 48.00,,想读
高级C/C++编译技术,Milan Stevanovic , 卢誉声 , 机械工业出版社 , 2015-4 , 69.00,,想读
虫子书,朱赢椿 ,, 广西师范大学出版社 , 2015-10-12 , 78.00,,想读
大学之修养,张信刚 ,, 广西师范大学出版社 , 2015-10 , 49,,想读
罪与罚,陀思妥耶夫斯基 , 岳麟 , 上海译文出版社 , 2015-1-1 , CNY 58.00,,想读
反脆弱,[美]纳西姆•尼古拉斯•塔勒布 , 雨珂 , 中信出版社 , 2014-1-1 , 68.00元,,想读
反脆弱,納西姆．尼可拉斯．塔雷伯 Nassim Nicholas Taleb , 羅耀宗 , 大塊文化 , 2013-6-28 , NT$500,,想读
忽然七日,[美] 劳伦·奥利弗 , 孙璐 , 湖南文艺出版社 , 2015-7 , 38.00元,,想读
女人的起源,[英]伊莲·摩根 , 刘筠 , 上海译文出版社 , 2007-8 , 19.00元,,想读
做了这本书,[美]凯莉·史密斯（Keri Smith） , 吴琪仁 , 湖北科学技术出版社 , 2015-1 , 32.00元,,想读
艺术与文化,【美】克莱门特·格林伯格 , 沈语冰 , 广西师范大学出版社 , 2015-9 , 49.00,,想读
尽头,唐诺 ,, 广西师范大学出版社 , 2013-11 , 88.00,,想读
战争时期日本精神史,[日] 鹤见俊辅 , 邱振瑞 , 四川教育出版社 , 2013-4 , 22.00元,,想读
古书题跋丛刊（共34册）,韋力主編 ,, 學苑出版社 , 19800.00元,,,想读
我们台湾这些年2,廖信忠 ,, 江苏人民出版社 , 2014-11-15 , 32,,想读
灯下尘,七堇年 ,, 九州出版社 , 2015-8 , 32.00元,,想读
奇特的一生,[俄] 格拉宁 , 侯焕闳、唐其慈 , 北京联合出版公司 , 2013-10 , 32.00元,,想读
战争,[美]伊恩·莫里斯 , 栾力夫 , 中信出版社 , 2015-6 , 69.00元,,想读
载书飘流记,屈万里 著、屈焕新 编注 ,, 中西书局 , 2015-8 , 25.00 元,,想读
The Lesser Key of Solomon,Peterson. Joseph H. (EDT) ,, Weiser Books , 2001-7-17 , USD 50.00,,想读
猎书客,[英]约翰·希尔·巴顿 , 杨理亚、张同林 , 上海社会科学院出版社 , 2015-3 , 59.80元,,想读
剑桥中国文学史（上卷）,[美] 宇文所安 , 刘倩 等 , 生活·读书·新知三联书店 , 2013-6 , 75.00,,想读
上帝与黄金,沃尔特•拉塞尔•米德 (Walter Russell Mead) , 涂怡超、罗怡清 , 社会科学文献出版社·甲骨文 , 2014-12 , 75.00元,,想读
转型与冲击：马丁·沃尔夫谈未来全球经济,马丁·沃尔夫 ,, 中信出版社.中信出版集团股份有限公司 , 2015-5-1 , CNY 58.00,,想读
单词的历史,马丁·H·曼瑟 , 崔峰 , 上海译文出版社 , 2015-5 , 32.00,,想读
博物馆的秘密,[英]莫莉·奥德菲尔德（Molly Oldfield） , 李子 , 人民邮电出版社 , 2015-3 , 78.00元,,想读
修道院纪事,[葡] 若泽·萨拉马戈 , 范维信 , 花山文艺出版社 , 1996 , 10.00元,,想读
就是要整理 : 艺术,[瑞士]乌尔苏斯·威尔利（Ursus Wehrli）、田霏宇 作序推荐 , 南曦 , 北京联合出版公司·后浪出版公司 , 2015-5 , 42.00元,,想读
民主的阴暗面,,,,,,,想读
作为自我的稻米,(美) 大贯惠美子 , 石峰 , 浙江大学出版社 , 2015-4 , 43.00,,想读
一个普通法的故事,泮伟江 ,, 广西师范大学出版社 , 2015-4 , 28.00,,想读
如何阅读一本小说,[美] 托马斯·福斯特 , 梁笑 , 南海出版公司 , 2015-4 , 39.5, 托马斯·福斯特 文学研究 小说的艺术,想读
有天清晨,[英] 狄兰·托马斯（Dylan Thomas） , 张明林 , 漓江出版社 , 2015-4 , 28.00元,,想读
莎士比亚,[英]安东尼·伯吉斯 , 刘国云 , 广西师范大学出版社·理想国 , 2015-6 , 49.00元,,想读
僧侣与哲学家,让-弗朗索瓦•何维勒、马修•理查德 , 赖声川 , 华东师范大学出版社 , 2014-9-1 , CNY 39.00,,想读
博尔赫斯谈话录,[阿] 豪尔赫·路易斯·博尔赫斯 著、[美] 威利斯·巴恩斯通 编 , 西川 , 广西师范大学出版社 , 2014-11 , 49.00元,,想读
苦妓回忆录,加西亚·马尔克斯 , 轩乐 , 南海出版公司 , 2015-3-1 , 25.00元,,想读
论美国的民主,[法] 托克维尔 , 董果良 , 商务印书馆 , 2013-2 , 149.00元,,想读
交流与对抗,桑兵 ,, 广西师范大学出版社 , 2015-5-1 , CNY 58.00,,想读
现代操作系统（第3版）,Andrew S. Tanenbaum , 陈向群、马洪兵 , 机械工业出版社 , 2009-7 , 75.00元,,想读
法官能为法治做什么,[美]戴维·奥布莱恩（David M. O’Brien）编、小奥利弗·温德尔·霍姆斯、本杰明·N.卡多佐、威廉·H.伦奎斯特、理查德·A.波斯纳 , 何帆、姜强、刘媛、黄琳娜、林娜 , 北京大学出版社 , 2015-4-20 , 59,,想读
闲话 1,臧杰、薛原 ,, 青岛出版社 , 2008-1 , 22.00元,,想读
清明上河图密码,冶文彪 ,, 北京联合出版公司 , 2015-1-1 , 49.90元,,想读
1453,[英] 罗杰·克劳利 , 陆大鹏 , 社会科学文献出版社·甲骨文 , 2014-6 , 49.00元,,想读
宇宙奇趣全集,伊塔洛·卡尔维诺 , 张密、杜颖、翟恒 , 译林出版社 , 2011-4 , 28.00元,,想读
判断力批判,[德] 康德 , 邓晓芒 译、杨祖陶 校 , 人民出版社 , 2002-12 , 32.00元,,想读
塞拉菲尼抄本,[意] 鹿易吉·塞拉菲尼 , 张密 , 北京联合出版公司 , 2014-11 , 799.00元,,想读
希腊神话,[法]伊万·波墨 , 武娟 , 广西师范大学出版社 , 2015-2 , 198.00,,想读
政治秩序的起源,[美]弗朗西斯·福山 , 毛俊杰 , 广西师范大学出版社 , 2014-9 , 88, 政治学,想读
罗马帝国衰亡史（套装共6册）,[英] 爱德华·吉本 , 席代岳 , 吉林出版集团有限责任公司 , 2011-5 , 268.00元,,想读
沉思录,[古罗马] 马可·奥勒留 , 何怀宏 , 中央编译出版社 , 2008-2 , 20.00,,想读
非普通读者,[英] 艾伦·贝内特 , 何宁 , 广西师范大学出版社·理想国 , 2015-5 , 36.00元,,想读
人类的天性,保罗•R•埃力克 , 李向慈、洪佼宜 , 金城出版社 , 2014-10-1 , CNY 78.00,,想读
记忆的风景,[荷]杜威·德拉埃斯马 , 张朝霞 , 北京联合出版公司·后浪出版公司 , 2014-7 , 42.00元,,想读
耶路撒冷三千年,[英]西蒙•蒙蒂菲奥里 , 张倩红、马丹静 , 民主与建设出版社 , 2015-1 , 78.00,,想读
躁动的帝国,奥利弗•斯通、彼得•库茨尼克 , 潘丽君、张 波、王祖宁 , 重庆出版社 , 2014-2 , 52.00元,,想读
天空的另一半,[美] 尼可拉斯·D.克里斯多夫、[美]雪莉·邓恩 , 吴茵茵 , 浙江人民出版社 , 2014-5 , 39.80元,,想读
耶鲁大学公开课:死亡,[美]谢利·卡根 , 贝小戎 , 北京联合出版公司 , 2014-5-10 , 48.00元,,想读
书籍的秩序,[法] 罗杰·夏蒂埃 , 吴泓缈、张璐 , 商务印书馆 , 2013-7 , 35.00,,想读
图书馆的故事,[英] 马修·巴特尔斯 , 赵雪倩 , 商务印书馆 , 2013-6 , 32.00,,想读
哲学的快乐,[美] 罗伯特·C.所罗门 , 陈高华 , 广西师范大学出版社 , 2015-4 , 42.00元,,想读
光荣与梦想（套装共4册）,[美]威廉·曼彻斯特（William Manchester） , 四川外国语大学翻译学院翻译组 , 中信出版社 , 2015-3 , 236.00元,,想读
构建之法,邹欣 ,, 人民邮电出版社 , 2014-9 , 49.00元, 软件工程 IT 项目管理,想读
古典风格,查尔斯·罗森 , 杨燕迪 , 华东师范大学出版社 , 2014-8 , 138,,想读
历史的教训,[ 美] 威尔·杜兰特、阿里尔·杜兰特 , 倪玉平、张闶 , 四川人民出版社 , 2015-1 , 28.00元,,想读
天国之秋,[美] 裴士锋 (Stephen R.Platt) , 黄中宪、谭伯牛（校） , 社会科学文献出版社 , 2014-11-10 , 69.00元,,想读
理智向左 疯狂向右,[加]彼得·佛伦斯基 , 宁晨、于曦 , 江苏文艺出版社 , 2014-10-30 , 38.00元,,想读
唯有孤独恒常如新,[美] 伊丽莎白·毕肖普 , 包慧怡 , 湖南文艺出版社 , 2015-3 , 39.00,,想读
大争论,[美]尤瓦尔·莱文 , 王小娥、谢昉 , 中信出版社 , 2014-8 , 42.00,,想读
深入理解计算机系统（原书第2版）,（美）Randal E.Bryant、David O&#39;Hallaron , 龚奕利、雷迎春 , 机械工业出版社 , 2011-1-1 , 99.00元,,想读
编码,[美] Charles Petzold , 左飞、薛佟佟 , 电子工业出版社 , 2010 , 55.00元,,想读
Java核心技术·卷1：基础知识（原书第9版）,（美）Cay S. Horstmann、（美）Gary Cornell , 周立新、陈波、叶乃文、邝劲筠、杜永萍 , 机械工业出版社 , 2013-11-1 , 119.00,,想读
程序设计方法（中文版）,Matthias Fellisen , 黄林鹏、朱崇恺 , 人民邮电出版社 , 2003-12 , 49.00元,,想读
人件（原书第3版）,[美] Tom DeMarco、[美] Timothy Lister , 肖然、张逸、滕云 , 机械工业出版社 , 2014-8 , 69.00元,,想读
奇思妙想,Dennis E. Shasha、Cathy A. Lazere , 向怡宁 , 人民邮电出版社 , 2012-3 , 32.00元,,想读
计算机程序设计艺术（第2卷）,Donald E. Knuth , 苏运霖 , 国防工业出版社 , 2002-8 , 98.00元,,想读
离散数学,多西 , 章炯民、王新伟、曹立 , 机械工业 , 2007-6 , 55.00元,,想读
深入理解计算机系统,Randal E.Bryant、David O&#39;Hallaron , 龚奕利、雷迎春 , 中国电力出版社 , 2004-5-1 , 85.00元,,想读
程序设计实践,[美] BRIAN W.KERNIG , 裘宗燕 , 机械工业出版社 , 2007-1 , 59.00元,,想读
代码阅读方法与实践,斯平内利斯 , 赵学良 , 清华大学出版社 , 2004-03-01 , 45.00元,,想读
现代编译原理,(美)安佩尔 , 赵克佳、黄春、沈志宇 , 人民邮电出版社 , 2006-4 , 45.00元,,想读
C++程序设计原理与实践,（美）Bjarne Stroustrup , 王刚 等 , 机械工业出版社 , 2010.7 , 108.00元,,想读
程序设计语言,斯科特 , 裘宗燕 , 电子工业出版社 , 2007-6 , 99.00元,,想读
读库1501,张立宪 ,, 新星出版社 , 2015-1-6 , 30,,想读
我们能做什么,胡适 ,, 九州出版社 , 2014-8-1 , 36.00,,想读
西方政治思想史（上下册）,(英) 约翰·麦克里兰 , 彭淮栋 , 中信出版社 , 2014-8 , 118,,想读
中国古代物质文化,孙机 ,, 中华书局 , 2014-7 , 98.00元,,想读
《战后欧洲史》套装（全四卷）,,,,,,,想读
耶鲁大学公开课 : 政治哲学,[美]史蒂芬·B·斯密什(Steven B. Smith) , 贺晴川 , 北京联合出版公司·后浪出版公司 , 2015-1 , 39.80元,,想读
文雅的疯狂,[美] 尼古拉斯·A.巴斯贝恩 , 陈焱 , 上海人民出版社 , 2014-9 , 69.00,,想读
1453：君士坦丁堡的陷落,［英］斯蒂文•朗西曼（Steven Runciman） , 马千 , 北京时代华文书局 , 2014-8 , 58,,想读
夜,[美] 埃利·威塞尔 , 袁筱一 , 南海出版公司 , 2014-8 , 32.00元,,想读
诗人的迟缓,范晔 ,, 上海三联书店 , 2014-7 , 28.00元,,想读
精神分析引论,(奥)弗洛伊德 ,, 北京出版社 , 2007-10 , 21.80元,,想读
精神分析引论,弗洛伊德 ,, 商务印书馆有限公司 , 1997-2 , 19.20元,,想读
我们时代的神经症人格,[美] 卡伦·霍妮 , 郭本禹、方红 , 中国人民大学出版社 , 2013-9 , 45.00元,,想读
然而,(法) 菲利普·福雷斯特 , 黄荭 , 上海文艺出版社 , 2014-7-1 , 29.00,,想读
他方世界,[美]约翰·克劳利 , 魏靖仪 , 译林出版社 , 2014-5-20 , 68.00元,,想读
文明之光 （第三册）,吴军 ,, 人民邮电出版社 , 2015-1-1 , 59,,想读
启蒙时代（上）,,,,,,,想读
单身社会,(美) 克里南伯格 , 沈开喜 , 上海文艺出版社 , 2015-2 , 32.00元,,想读
善恶之源,[美] 保罗•布卢姆 , 青涂 , 浙江人民出版社 , 2015-3-1 , 49.90,,想读
狂热分子,[美] 埃里克·霍弗 , 梁永安 , 广西师范大学出版社 , 2011-6 , 34.00元,,想读
Linux/Unix设计思想,甘卡兹 , 漆犇 , 人民邮电出版社 , 2012-3-28 , 39.00元,,想读
鸟哥的Linux私房菜,鸟哥 ,, 人民邮电出版社 , 2010-6-28 , 88.00元,,想读
设计模式沉思录,John M.Vlissides , 葛子昂 , 人民邮电出版社 , 201005 , 35.00元,,想读
设计模式之禅,秦小波 ,, 机械工业出版社 , 2010年3月 , 69.00元,,想读
人月神话,弗雷德里克.布鲁克斯 , UMLChina翻译组、汪颖 , 清华大学出版社 , 2007-9 , 48.00元,,想读
Windows程序调试,[美] Everett N. Mck ,, 中国电力出版社 , 2002-1 , 49.00元,,想读
计算机组成与设计硬件/软件接口,[美] David A.Patterson、John L.Hennessy , 郑纬民 , 机械工业出版社 , 2007-4 , 75.00元,,想读
软件开发者路线图,Dave H. Hoover、Adewale Oshineye , 王江平 , 机械工业出版社 , 2010年9月 , 35.00元,,想读
C++编程规范,[美]Herb Sutter、[美]Andrei Alexandrescu , 刘基诚 , 人民邮电出版社 , 2006-1 , 35.00元,,想读
图解HTTP,【日】上野宣 , 于均良 , 人民邮电出版社 , 2014-4-15 , 49.00元,,想读
程序设计语言,Michael L. Scott , 韩江、陈玉 , 电子工业出版社 , 2012-7 , 128.00元,,想读
编程语言实现模式,Terence Parr , 李袁奎、尧飘海 , 华中科技大学出版社 , 2012-3-20 , 72.00元,,想读
计算机程序的构造和解释(原书第2版),Harold Abelson、Gerald Jay Sussman、Julie Sussman , 裘宗燕 , 机械工业出版社 , 2004-2 , 45.00元,,想读
调试九法,David J.Agans , 赵俐 , 人民邮电出版社 , 2010-12-7 , 35.00元,,想读
袭击面包店,村上春树 , 施小炜 , 南海出版公司 , 2015-1-1 , 29.50元,,想读
LUA程序设计(第2版),[巴西] 莱鲁 , 周惟迪 , 电子工业出版社 , 2008-1 , 39.00元,,想读
计算机程序设计艺术（第1卷）,[美] 唐纳德·E. 克努特 , 苏运霖 , 国防工业出版社 , 2002-9 , 98.00元,,想读
Erlang 程序设计,Armstrong , 赵东炜、金尹 , 人民邮电出版社 , 2008 , 79.00元,,想读
高效程序的奥秘,沃瑞恩 , 冯速 , 机械工业出版社 , 2004-5 , 28.00元,,想读
卓有成效的程序员,Neal Ford , 熊节 , 机械工业出版社 , 2009-3 , 45.00元,,想读
几乎没有记忆,[美] 莉迪亚·戴维斯 , 吴永熹 , 重庆大学出版社 , 2015-1 , 39.50元,,想读
我们夜里在美术馆谈恋爱,文珍 ,, 中信出版社 , 2014-11 , 36.00元,,想读
疑问集,[智利] 巴勃罗 • 聂鲁达 , 陈黎、张芬龄 , 南海出版公司 , 2015-1 , 25.00元,,想读
文明之光（第一册）,吴军 ,, 人民邮电出版社 , 2014-6-25 , 59.00元,,想读
数学之美,吴军 ,, 人民邮电出版社 , 2012-5-1 , 45.00元,,想读
美国大城市的死与生（纪念版）,[加拿大] 简·雅各布斯 , 金衡山 , 译林出版社 , 2006-8 , 34.50元,,想读
美国总统制,[美国] 查尔斯·琼斯 , 毛维准 , 译林出版社 , 2013-2-28 , 25.00元,,想读
编译原理,Alfred V. Aho、Monica S.Lam、Ravi Sethi、Jeffrey D. Ullman , 赵建华、郑滔、戴新宇 , 机械工业出版社 , 2008年12月 , 89.00元,,想读
具体数学,Ronald L.Graham、Oren Patashnik、Donald E.Knuth , 张凡、张明尧 , 人民邮电出版社 , 2013-4-1 , 99.00元,,想读
离散数学及其应用（原书第6版）,[美] Kenneth H. Rosen , 袁崇义、屈婉玲、张桂芸 [等] , 机械工业出版社 , 2011-7 , 99.00元,,想读
算法：C语言实现,塞奇威克 , 霍红卫 , 机械工业出版社 , 2009-10 , 79.00元,,想读
应用密码学：协议、算法与C源程序（原书第2版）,（美）Bruce Schneier , 吴世忠、祝世雄、张文政 等 , 机械工业出版社 , 2014-1 , 79.00,,想读
编程珠玑（续）,[美] Jon Bentley , 钱丽艳、刘田 等 , 人民邮电出版社 , 2011-5 , 35.00 元,,想读
精通正则表达式,[美] Jeffrey E.F.Friedl , 余晟 , 电子工业出版社 , 2012-7 , 89.00元,,想读
C++编程思想（两卷合订本）,（美）Bruce Eckel、（美）Chuck Allison , 刘宗田、袁兆山、潘秋菱、刁成嘉 , 机械工业出版社 , 2011-7 , 116.00元,,想读
STL源码剖析,侯捷 ,, 华中科技大学出版社 , 2002-6 , 68.00元,,想读
C Primer Plus,Stephen Prata、云巅工作室 , 云巅工作室 , 人民邮电出版社 , 2005-2-1 , 60.00元,,想读
C专家编程,Peter Van Der Linden , 徐波 , 人民邮电出版社 , 2008-2 , 45.00元,,想读
汇编语言的编程艺术,作　者： [美]Randall Hyde , 包战、马跃 , 清华大学出版社 , 2011-12-1 , 69.80元,,想读
计算机科学概论（第11版）,J. Glenn Brookshear , 刘艺、肖成海、马小会、毛倩倩 , 人民邮电出版社 , 2011-10-1 , 69.00元,,想读
编程之美,《编程之美》小组 编 ,, 电子工业出版社 , 2008-3 , 40.00元,,想读
法律之门,[美] 博西格诺 等 , 邓子滨 , 华夏出版社 , 2002-1 , 89.00元,,想读
编程之道,杰弗雷﹒詹姆斯 ,, 清华大学出版社 , 1999-05 , 18.00元,,想读
梦断代码,Scott Rosenberg , 韩磊 , 电子工业出版社 , 2008.06 , 49.00元,,想读
ACE程序员指南,[美] Stephen D. Huston、James CE Johnson、Umar Syyid , 马维达 , 中国电力出版社 , 2004-11 , 48.00元, ACE C++ 网络编程,想读
Windows高级编程指南,（美）Jeffrey Richter , 王书洪、刘光明 , 清华大学出版社 , 1999-6-1 , 99.00元, MFC C/C++ windows,想读
论邪恶,[英] 特里·伊格尔顿 , 林雅华 , 湖南人民出版社 , 2014-7 , 29.80, 邪恶,想读
Windows网络编程,Anthony Jones、Jim Ohlund , 杨合庆 , 清华大学出版社 , 1900-01-01 , 78.00元, Windows 网络编程 Windows编程 C/C++,想读
编程珠玑,Jon Bentley , 黄倩、钱丽艳 , 人民邮电出版社 , 2008-10 , 39.00元, 编程 编程艺术 程序设计 软件开发,想读
黑客与画家,[美] Paul Graham , 阮一峰 , 人民邮电出版社 , 2011-4 , 49.00元, 软件工程 程序员 计算机 黑客 编程 软件开发,想读
